Username,Tweet URL,Tweet Text,Translated Text
elonmusk,https://twitter.com/elonmusk/status/1641680913661607936,Algorithm goes open source at noon Pacific Time,午太平洋時間開放演算法。
elonmusk,https://twitter.com/elonmusk/status/1641678128736026624,"If you don’t like reality, just ignore it",如果你不喜欢现实，就忽略它吧。
elonmusk,https://twitter.com/elonmusk/status/1641630535448510465,Important to establish whether someone actually belongs to an organization or not so as to avoid impersonation,重要的是要确定某人是否真正属于一个组织，以免受到模仿。
elonmusk,https://twitter.com/elonmusk/status/1641328839144927232,"Old joke about agnostic technologists building artificial super intelligence to find out if there’s a God.

They finally finish &amp; ask the question.

AI replies: “There is now, mfs!!”","老笑话说，不可知论的技术人员建造人工智能来找出是否有上帝。

他们终于完成了，问出了这个问题。

人工智能回答说：“现在有了，MFS！！”"
elonmusk,https://twitter.com/elonmusk/status/1640800519894736896,"Forgot to mention that accounts you follow directly will also be in For You, since you have explicitly asked for them",忘了提及，你直接关注的账户也会出现在「为你定制」中，因为你已经明确要求了它们。
elonmusk,https://twitter.com/elonmusk/status/1640567359307145217,"Of course, you need to have good customer service for money. 

Working on it …",当然，要拿到钱，你就得提供良好的客户服务。正在努力。
elonmusk,https://twitter.com/elonmusk/status/1640554924588277761,I’m old enough to remember https://t.co/q7uY7rhEY4,我已经记住https://t.co/q7uY7rhEY4了。
elonmusk,https://twitter.com/elonmusk/status/1640502698549075972,"Starting April 15th, only verified accounts will be eligible to be in For You recommendations.

The is the only realistic way to address advanced AI bot swarms taking over. It is otherwise a hopeless losing battle.

Voting in polls will require verification for same reason.",从4月15日开始，只有经过验证的账户才有资格进入“为您推荐”。这是应对先进的AI机器人群体控制的唯一现实途径。否则，这是一场无望的失败之战。参加投票需要验证，出于同样的原因。
